,folds,val_cindex
0,0,0.8045241143832693
1,1,0.8427192276749799
2,2,0.7896995708154506
3,3,0.8541501976284585
4,4,0.8282571912013537
