,folds,val_cindex
0,0,0.6075102880658436
1,1,0.5811163275952008
2,2,0.5569693464430306
3,3,0.625
4,4,0.5004816955684007
