,folds,val_cindex
0,0,0.7123015873015873
1,1,0.5478260869565217
2,2,0.6273809523809524
3,3,0.6313993174061433
4,4,0.6285714285714286
