,folds,val_cindex
0,0,0.559676331759946
1,1,0.504245591116917
2,2,0.5731790333560245
3,3,0.6096153846153847
4,4,0.5536959553695955
