,folds,val_cindex
0,0,0.7699530516431925
1,1,0.8181818181818182
2,2,0.8137339055793992
3,3,0.8430830039525692
4,4,0.8329103214890017
