,folds,val_cindex
0,0,0.6601307189542484
1,1,0.56
2,2,0.49818621523579204
3,3,0.5177948360083741
4,4,0.5224242424242425
