,folds,val_cindex
0,0,0.6054526748971193
1,1,0.532603025560772
2,2,0.5858877964141121
3,3,0.5968511450381679
4,4,0.5775529865125241
