,folds,val_cindex
0,0,0.6815476190476191
1,1,0.5760869565217391
2,2,0.6880952380952381
3,3,0.6154721274175199
4,4,0.7348571428571429
