,folds,val_cindex
0,0,0.5441672285906946
1,1,0.45329849771391245
2,2,0.585432266848196
3,3,0.43333333333333335
4,4,0.4790794979079498
