,folds,val_cindex
0,0,0.5989304812834224
1,1,0.5864406779661017
2,2,0.5900846432889963
3,3,0.5624563852058618
4,4,0.5860606060606061
